{"cameraMode":{"drawMode":0,"name":"Shaded","section":"Shading Mode"},"sceneLighting":false,"audioPlay":false,"sceneViewState":{"m_AlwaysRefresh":false,"showFog":true,"showSkybox":false,"showFlares":true,"showImageEffects":true,"showParticleSystems":true,"showVisualEffectGraphs":true,"m_FxEnabled":true},"in2DMode":false,"pivot":{"x":0.2912951707839966,"y":4.5276336669921879,"z":0.48224973678588869},"rotation":{"x":-0.20062978565692902,"y":0.4400682747364044,"z":-0.10155923664569855,"w":-0.8693530559539795},"size":3.7010247707366945,"orthographic":false}